{
    "mlp.down_proj": {
        "model.layers.3.mlp.down_proj": 1.0885884761810303,
        "model.layers.2.mlp.down_proj": 1.0771920680999756,
        "model.layers.23.mlp.down_proj": 1.023535966873169,
        "model.layers.25.mlp.down_proj": 0.9905750751495361,
        "model.layers.26.mlp.down_proj": 0.9549012780189514,
        "model.layers.24.mlp.down_proj": 0.9456019401550293,
        "model.layers.28.mlp.down_proj": 0.9393866062164307,
        "model.layers.4.mlp.down_proj": 0.931170642375946,
        "model.layers.22.mlp.down_proj": 0.931038498878479,
        "model.layers.27.mlp.down_proj": 0.9089210629463196,
        "model.layers.29.mlp.down_proj": 0.829592227935791,
        "model.layers.21.mlp.down_proj": 0.8237510323524475,
        "model.layers.1.mlp.down_proj": 0.8137387037277222,
        "model.layers.5.mlp.down_proj": 0.7728061676025391,
        "model.layers.30.mlp.down_proj": 0.754443347454071,
        "model.layers.6.mlp.down_proj": 0.742051362991333,
        "model.layers.20.mlp.down_proj": 0.6928998827934265,
        "model.layers.19.mlp.down_proj": 0.6715294122695923,
        "model.layers.7.mlp.down_proj": 0.6369065642356873,
        "model.layers.8.mlp.down_proj": 0.5924903750419617,
        "model.layers.18.mlp.down_proj": 0.5916467308998108,
        "model.layers.16.mlp.down_proj": 0.5604859590530396,
        "model.layers.9.mlp.down_proj": 0.5498117208480835,
        "model.layers.17.mlp.down_proj": 0.5412833094596863,
        "model.layers.10.mlp.down_proj": 0.5053375959396362,
        "model.layers.11.mlp.down_proj": 0.49284806847572327,
        "model.layers.13.mlp.down_proj": 0.4825741648674011,
        "model.layers.15.mlp.down_proj": 0.4596516489982605,
        "model.layers.14.mlp.down_proj": 0.45833078026771545,
        "model.layers.12.mlp.down_proj": 0.4481855034828186,
        "model.layers.31.mlp.down_proj": 0.4445933997631073,
        "model.layers.0.mlp.down_proj": 0.19028465449810028
    },
    "mlp.gate_up_proj": {
        "model.layers.31.mlp.gate_up_proj": 64.27890014648438,
        "model.layers.4.mlp.gate_up_proj": 48.655853271484375,
        "model.layers.5.mlp.gate_up_proj": 46.28740692138672,
        "model.layers.3.mlp.gate_up_proj": 42.717594146728516,
        "model.layers.6.mlp.gate_up_proj": 37.90351867675781,
        "model.layers.9.mlp.gate_up_proj": 27.909320831298828,
        "model.layers.30.mlp.gate_up_proj": 25.237003326416016,
        "model.layers.7.mlp.gate_up_proj": 24.57016944885254,
        "model.layers.8.mlp.gate_up_proj": 24.34890365600586,
        "model.layers.28.mlp.gate_up_proj": 24.17947006225586,
        "model.layers.29.mlp.gate_up_proj": 23.132509231567383,
        "model.layers.27.mlp.gate_up_proj": 17.850656509399414,
        "model.layers.11.mlp.gate_up_proj": 16.69586753845215,
        "model.layers.26.mlp.gate_up_proj": 14.304988861083984,
        "model.layers.10.mlp.gate_up_proj": 12.227272033691406,
        "model.layers.25.mlp.gate_up_proj": 11.056509017944336,
        "model.layers.16.mlp.gate_up_proj": 10.535869598388672,
        "model.layers.24.mlp.gate_up_proj": 9.072340965270996,
        "model.layers.15.mlp.gate_up_proj": 8.303243637084961,
        "model.layers.14.mlp.gate_up_proj": 8.290038108825684,
        "model.layers.12.mlp.gate_up_proj": 8.121419906616211,
        "model.layers.23.mlp.gate_up_proj": 7.783706188201904,
        "model.layers.22.mlp.gate_up_proj": 7.3391947746276855,
        "model.layers.13.mlp.gate_up_proj": 6.7120442390441895,
        "model.layers.21.mlp.gate_up_proj": 6.621920585632324,
        "model.layers.18.mlp.gate_up_proj": 6.328855991363525,
        "model.layers.2.mlp.gate_up_proj": 6.009331703186035,
        "model.layers.20.mlp.gate_up_proj": 5.7028398513793945,
        "model.layers.19.mlp.gate_up_proj": 5.6726393699646,
        "model.layers.17.mlp.gate_up_proj": 4.9586896896362305,
        "model.layers.1.mlp.gate_up_proj": 0.3431273102760315,
        "model.layers.0.mlp.gate_up_proj": 0.2540813982486725
    },
    "self_attn.o_proj": {
        "model.layers.1.self_attn.o_proj": 0.16608916223049164,
        "model.layers.0.self_attn.o_proj": 0.1624917834997177,
        "model.layers.11.self_attn.o_proj": 0.13741497695446014,
        "model.layers.10.self_attn.o_proj": 0.1372649073600769,
        "model.layers.19.self_attn.o_proj": 0.13465982675552368,
        "model.layers.16.self_attn.o_proj": 0.1320032924413681,
        "model.layers.14.self_attn.o_proj": 0.13149243593215942,
        "model.layers.21.self_attn.o_proj": 0.13091729581356049,
        "model.layers.15.self_attn.o_proj": 0.13023641705513,
        "model.layers.20.self_attn.o_proj": 0.12836496531963348,
        "model.layers.9.self_attn.o_proj": 0.12685462832450867,
        "model.layers.3.self_attn.o_proj": 0.12607122957706451,
        "model.layers.17.self_attn.o_proj": 0.12525814771652222,
        "model.layers.4.self_attn.o_proj": 0.125140979886055,
        "model.layers.2.self_attn.o_proj": 0.12350550293922424,
        "model.layers.8.self_attn.o_proj": 0.12057063728570938,
        "model.layers.12.self_attn.o_proj": 0.11975394934415817,
        "model.layers.6.self_attn.o_proj": 0.11879868805408478,
        "model.layers.18.self_attn.o_proj": 0.11807293444871902,
        "model.layers.5.self_attn.o_proj": 0.11422887444496155,
        "model.layers.22.self_attn.o_proj": 0.11153334379196167,
        "model.layers.23.self_attn.o_proj": 0.10747223347425461,
        "model.layers.13.self_attn.o_proj": 0.10375790297985077,
        "model.layers.7.self_attn.o_proj": 0.10123127698898315,
        "model.layers.28.self_attn.o_proj": 0.09308251738548279,
        "model.layers.24.self_attn.o_proj": 0.09150504320859909,
        "model.layers.25.self_attn.o_proj": 0.08562716841697693,
        "model.layers.26.self_attn.o_proj": 0.08511108160018921,
        "model.layers.29.self_attn.o_proj": 0.08479497581720352,
        "model.layers.30.self_attn.o_proj": 0.0801239162683487,
        "model.layers.27.self_attn.o_proj": 0.07561259716749191,
        "model.layers.31.self_attn.o_proj": 0.06929518282413483
    },
    "self_attn.qkv_proj": {
        "model.layers.24.self_attn.qkv_proj": 0.33797651529312134,
        "model.layers.23.self_attn.qkv_proj": 0.3358738422393799,
        "model.layers.29.self_attn.qkv_proj": 0.3222978711128235,
        "model.layers.28.self_attn.qkv_proj": 0.31704115867614746,
        "model.layers.31.self_attn.qkv_proj": 0.31696951389312744,
        "model.layers.27.self_attn.qkv_proj": 0.31613093614578247,
        "model.layers.26.self_attn.qkv_proj": 0.31442028284072876,
        "model.layers.22.self_attn.qkv_proj": 0.3112761974334717,
        "model.layers.25.self_attn.qkv_proj": 0.3010638356208801,
        "model.layers.30.self_attn.qkv_proj": 0.2807576060295105,
        "model.layers.20.self_attn.qkv_proj": 0.2804785370826721,
        "model.layers.18.self_attn.qkv_proj": 0.2461003065109253,
        "model.layers.21.self_attn.qkv_proj": 0.24527353048324585,
        "model.layers.19.self_attn.qkv_proj": 0.23426777124404907,
        "model.layers.17.self_attn.qkv_proj": 0.20837080478668213,
        "model.layers.16.self_attn.qkv_proj": 0.18652351200580597,
        "model.layers.15.self_attn.qkv_proj": 0.1740608811378479,
        "model.layers.7.self_attn.qkv_proj": 0.17101654410362244,
        "model.layers.14.self_attn.qkv_proj": 0.1706017404794693,
        "model.layers.12.self_attn.qkv_proj": 0.16661924123764038,
        "model.layers.6.self_attn.qkv_proj": 0.16403578221797943,
        "model.layers.13.self_attn.qkv_proj": 0.15993347764015198,
        "model.layers.10.self_attn.qkv_proj": 0.15490904450416565,
        "model.layers.8.self_attn.qkv_proj": 0.15207821130752563,
        "model.layers.11.self_attn.qkv_proj": 0.13956207036972046,
        "model.layers.9.self_attn.qkv_proj": 0.1345950961112976,
        "model.layers.5.self_attn.qkv_proj": 0.13458441197872162,