{
    "mlp.down_proj": {
        "model.layers.4.mlp.down_proj": 33.30361557006836,
        "model.layers.2.mlp.down_proj": 28.84607696533203,
        "model.layers.6.mlp.down_proj": 19.587360382080078,
        "model.layers.15.mlp.down_proj": 15.88519287109375,
        "model.layers.24.mlp.down_proj": 15.06785774230957,
        "model.layers.14.mlp.down_proj": 13.604269027709961,
        "model.layers.17.mlp.down_proj": 13.215081214904785,
        "model.layers.25.mlp.down_proj": 13.187742233276367,
        "model.layers.22.mlp.down_proj": 12.597224235534668,
        "model.layers.23.mlp.down_proj": 11.809103965759277,
        "model.layers.20.mlp.down_proj": 11.670610427856445,
        "model.layers.5.mlp.down_proj": 11.197671890258789,
        "model.layers.21.mlp.down_proj": 9.488790512084961,
        "model.layers.7.mlp.down_proj": 9.305631637573242,
        "model.layers.18.mlp.down_proj": 9.030320167541504,
        "model.layers.13.mlp.down_proj": 8.854863166809082,
        "model.layers.3.mlp.down_proj": 8.736675262451172,
        "model.layers.0.mlp.down_proj": 8.105010032653809,
        "model.layers.19.mlp.down_proj": 7.772491455078125,
        "model.layers.10.mlp.down_proj": 7.373418807983398,
        "model.layers.16.mlp.down_proj": 7.208968639373779,
        "model.layers.8.mlp.down_proj": 6.769254207611084,
        "model.layers.11.mlp.down_proj": 6.636877536773682,
        "model.layers.12.mlp.down_proj": 5.944761753082275,
        "model.layers.9.mlp.down_proj": 5.525699615478516,
        "model.layers.1.mlp.down_proj": 4.299622535705566
    },
    "mlp.up_proj": {
        "model.layers.4.mlp.up_proj": 170.2850799560547,
        "model.layers.2.mlp.up_proj": 124.66849517822266,
        "model.layers.3.mlp.up_proj": 112.8239517211914,
        "model.layers.6.mlp.up_proj": 48.43644332885742,
        "model.layers.1.mlp.up_proj": 41.71646499633789,
        "model.layers.5.mlp.up_proj": 32.67828369140625,
        "model.layers.0.mlp.up_proj": 28.067331314086914,
        "model.layers.7.mlp.up_proj": 28.041343688964844,
        "model.layers.17.mlp.up_proj": 26.711233139038086,
        "model.layers.15.mlp.up_proj": 21.886568069458008,
        "model.layers.10.mlp.up_proj": 19.634605407714844,
        "model.layers.9.mlp.up_proj": 16.594703674316406,
        "model.layers.18.mlp.up_proj": 16.550199508666992,
        "model.layers.12.mlp.up_proj": 15.803447723388672,
        "model.layers.11.mlp.up_proj": 15.281010627746582,
        "model.layers.16.mlp.up_proj": 15.040379524230957,
        "model.layers.8.mlp.up_proj": 14.842131614685059,
        "model.layers.19.mlp.up_proj": 13.117680549621582,
        "model.layers.14.mlp.up_proj": 11.41967487335205,
        "model.layers.20.mlp.up_proj": 11.295614242553711,
        "model.layers.21.mlp.up_proj": 10.831307411193848,
        "model.layers.23.mlp.up_proj": 9.982320785522461,
        "model.layers.13.mlp.up_proj": 9.852916717529297,
        "model.layers.24.mlp.up_proj": 7.668051719665527,
        "model.layers.22.mlp.up_proj": 7.442222595214844,
        "model.layers.25.mlp.up_proj": 4.745918273925781
    },
    "self_attn.k_proj": {
        "model.layers.20.self_attn.k_proj": 1.2623848915100098,
        "model.layers.21.self_attn.k_proj": 1.126978874206543,
        "model.layers.2.self_attn.k_proj": 1.0654395818710327,
        "model.layers.1.self_attn.k_proj": 1.0484901666641235,
        "model.layers.3.self_attn.k_proj": 0.9912707805633545,
        "model.layers.19.self_attn.k_proj": 0.9845684170722961,
        "model.layers.18.self_attn.k_proj": 0.9728671312332153,
        "model.layers.4.self_attn.k_proj": 0.9639020562171936,
        "model.layers.6.self_attn.k_proj": 0.9274349808692932,
        "model.layers.8.self_attn.k_proj": 0.9095296263694763,
        "model.layers.15.self_attn.k_proj": 0.9011291265487671,
        "model.layers.17.self_attn.k_proj": 0.9004068970680237,
        "model.layers.23.self_attn.k_proj": 0.8472215533256531,
        "model.layers.5.self_attn.k_proj": 0.8334033489227295,
        "model.layers.12.self_attn.k_proj": 0.8052268028259277,
        "model.layers.14.self_attn.k_proj": 0.7967967391014099,
        "model.layers.24.self_attn.k_proj": 0.7792221903800964,
        "model.layers.9.self_attn.k_proj": 0.7442198395729065,
        "model.layers.22.self_attn.k_proj": 0.738936185836792,
        "model.layers.16.self_attn.k_proj": 0.7356035113334656,
        "model.layers.13.self_attn.k_proj": 0.7267259955406189,
        "model.layers.7.self_attn.k_proj": 0.7121332883834839,
        "model.layers.25.self_attn.k_proj": 0.7094318270683289,
        "model.layers.10.self_attn.k_proj": 0.6790370345115662,
        "model.layers.11.self_attn.k_proj": 0.6573328971862793,
        "model.layers.0.self_attn.k_proj": 0.5670744776725769
    },
    "self_attn.o_proj": {
        "model.layers.25.self_attn.o_proj": 0.3131503760814667,
        "model.layers.6.self_attn.o_proj": 0.30267348885536194,
        "model.layers.5.self_attn.o_proj": 0.29917699098587036,
        "model.layers.4.self_attn.o_proj": 0.294284462928772,
        "model.layers.1.self_attn.o_proj": 0.29038190841674805,
        "model.layers.15.self_attn.o_proj": 0.279990553855896,
        "model.layers.7.self_attn.o_proj": 0.2798372209072113,
        "model.layers.3.self_attn.o_proj": 0.27829504013061523,
        "model.layers.2.self_attn.o_proj": 0.27560076117515564,
        "model.layers.12.self_attn.o_proj": 0.27154284715652466,
        "model.layers.8.self_attn.o_proj": 0.25681808590888977,
        "model.layers.11.self_attn.o_proj": 0.2539152503013611,
        "model.layers.17.self_attn.o_proj": 0.2529059052467346,
        "model.layers.0.self_attn.o_proj": 0.25265467166900635,
        "model.layers.13.self_attn.o_proj": 0.25026363134384155,
        "model.layers.22.self_attn.o_proj": 0.24831214547157288,
        "model.layers.10.self_attn.o_proj": 0.24782003462314606,
        "model.layers.14.self_attn.o_proj": 0.2316737025976181,
        "model.layers.9.self_attn.o_proj": 0.2291463017463684,
        "model.layers.16.self_attn.o_proj": 0.2279209941625595,
        "model.layers.19.self_attn.o_proj": 0.2066410332918167,
        "model.layers.23.self_attn.o_proj": 0.20168422162532806,
        "model.layers.20.self_attn.o_proj": 0.20063552260398865,
        "model.layers.21.self_attn.o_proj": 0.1952311396598816,
        "model.layers.24.self_attn.o_proj": 0.18264922499656677,
        "model.layers.18.self_attn.o_proj": 0.1780945062637329
    },
    "self_attn.q_proj": {
        "model.layers.14.self_attn.q_proj": 0.5165186524391174,
        "model.layers.6.self_attn.q_proj": 0.4943715035915375,
        "model.layers.17.self_attn.q_proj": 0.47298240661621094,
        "model.layers.16.self_attn.q_proj": 0.4636949300765991,
        "model.layers.12.self_attn.q_proj": 0.4446524381637573,
        "model.layers.10.self_attn.q_proj": 0.4427404999732971,
        "model.layers.13.self_attn.q_proj": 0.4392520785331726,
        "model.layers.15.self_attn.q_proj": 0.42862948775291443,
        "model.layers.7.self_attn.q_proj": 0.42357802391052246,
        "model.layers.19.self_attn.q_proj": 0.4219931662082672,
        "model.layers.11.self_attn.q_proj": 0.4105197787284851,
        "model.layers.18.self_attn.q_proj": 0.40164801478385925,
        "model.layers.21.self_attn.q_proj": 0.397067129611969,
        "model.layers.4.self_attn.q_proj": 0.3742890954017639,
        "model.layers.20.self_attn.q_proj": 0.36900317668914795,
        "model.layers.2.self_attn.q_proj": 0.3575708866119385,
        "model.layers.23.self_attn.q_proj": 0.3568076491355896,
        "model.layers.22.self_attn.q_proj": 0.351676344871521,
        "model.layers.9.self_attn.q_proj": 0.3485497236251831,
        "model.layers.1.self_attn.q_proj": 0.3282804489135742,
        "model.layers.5.self_attn.q_proj": 0.315373957157135,
        "model.layers.24.self_attn.q_proj": 0.28249993920326233,